[
    {
        "name": "Oleg",
        "number": "456454",
        "city": "Zmerinka"
    },
    {
        "name": "Marina",
        "number": "987",
        "city": "Odessa"
    },
    {
        "name": "Denis",
        "number": "3435",
        "city": "Vinnitsa"
    },
    {
        "name": "Maks",
        "number": "4576",
        "city": "Lviv"
    },
    {
        "name": "Mark",
        "number": "345465",
        "city": "Zmerinka"
    },
    {
        "name": "Vika",
        "number": "4646",
        "city": "Kitay"
    }
]